participant_id,run,detected,detection_time_s
3.0,High,True,48.0
3.0,Sober,False,
3.0,High,True,50.0
3.0,Low,False,
3.0,Low,False,
4.0,Low,False,
4.0,High,True,50.0
4.0,Sober,False,
4.0,Low,False,
8.0,Sober,False,
8.0,Low,False,
8.0,Sober,False,
8.0,High,False,
8.0,Low,False,
8.0,High,True,46.0
9.0,Low,False,
9.0,Low,True,61.0
9.0,Sober,False,
9.0,Sober,False,
9.0,High,True,58.0
9.0,High,True,49.0
10.0,Low,True,64.0
10.0,Sober,False,
10.0,Low,False,
10.0,High,True,46.0
10.0,High,True,54.0
11.0,Low,True,43.0
11.0,Sober,True,62.0
11.0,Low,True,50.0
11.0,High,True,44.0
11.0,Sober,False,
11.0,High,True,42.0
12.0,Low,True,55.0
12.0,High,True,48.0
12.0,High,True,49.0
12.0,Low,False,
12.0,Sober,False,
13.0,Sober,False,
13.0,Low,True,51.0
13.0,High,True,60.0
13.0,Low,True,66.0
13.0,Sober,True,58.0
14.0,High,False,
14.0,Low,False,
14.0,Sober,False,
14.0,High,True,54.0
14.0,Sober,False,
14.0,Low,False,
15.0,Low,False,
15.0,Sober,False,
15.0,High,True,48.0
15.0,Sober,False,
15.0,High,True,52.0
15.0,Low,False,
16.0,High,True,48.0
16.0,High,True,45.0
16.0,Low,True,58.0
16.0,Sober,False,
16.0,Low,True,51.0
16.0,Sober,False,
17.0,Sober,False,
17.0,Low,True,57.0
17.0,Low,True,53.0
17.0,High,True,47.0
17.0,Sober,False,
18.0,Low,False,
18.0,High,False,
18.0,Sober,False,
18.0,Sober,False,
18.0,High,True,45.0
18.0,Low,False,
19.0,Sober,False,
19.0,Sober,False,
19.0,High,True,48.0
19.0,Low,False,
19.0,High,False,
19.0,Low,False,
20.0,Low,True,49.0
20.0,High,True,50.0
20.0,Low,False,
20.0,Sober,False,
20.0,Sober,False,
20.0,High,True,45.0
21.0,Low,False,
21.0,Sober,False,
21.0,Low,False,
21.0,Sober,False,
21.0,High,True,47.0
21.0,High,True,45.0
22.0,Low,False,
22.0,Low,False,
22.0,Sober,False,
22.0,High,True,48.0
22.0,High,True,63.0
23.0,Sober,False,
23.0,Low,False,
23.0,High,True,48.0
23.0,Sober,False,
23.0,High,True,48.0
23.0,Low,False,
24.0,High,True,46.0
24.0,Low,False,
24.0,Sober,False,
24.0,Sober,False,
24.0,High,False,
24.0,Low,False,
25.0,Sober,False,
25.0,Low,False,
25.0,Sober,False,
25.0,Low,False,
25.0,High,True,46.0
25.0,High,True,47.0
26.0,High,True,50.0
26.0,Sober,False,
26.0,Sober,False,
26.0,Low,True,55.0
26.0,High,True,49.0
26.0,Low,False,
27.0,High,False,
27.0,Sober,False,
27.0,Low,False,
27.0,Low,False,
27.0,Sober,False,
27.0,High,True,53.0
28.0,Sober,False,
28.0,Low,True,50.0
28.0,Low,True,68.0
28.0,High,False,
28.0,Sober,False,
30.0,Low,True,56.0
30.0,Sober,False,
30.0,High,True,46.0
30.0,Low,True,59.0
30.0,High,True,50.0
30.0,Sober,False,
31.0,High,False,
31.0,Sober,False,
31.0,Low,False,
31.0,Low,False,
31.0,Sober,False,
31.0,High,True,46.0
