notebook,High_support,High_detection_rate,High_false_alarm_rate,High_dr_ci_lo,High_dr_ci_hi,High_min_det_time,High_tmin_ci_lo,High_tmin_ci_hi,High_q25_det_time,High_median_det_time,High_q75_det_time,High_t25_ci_lo,High_t25_ci_hi,High_t_ci_lo,High_t_ci_hi,High_t75_ci_lo,High_t75_ci_hi,High_max_det_time,High_tmax_ci_lo,High_tmax_ci_hi,Low_support,Low_detection_rate,Low_false_alarm_rate,Low_dr_ci_lo,Low_dr_ci_hi,Low_min_det_time,Low_tmin_ci_lo,Low_tmin_ci_hi,Low_q25_det_time,Low_median_det_time,Low_q75_det_time,Low_t25_ci_lo,Low_t25_ci_hi,Low_t_ci_lo,Low_t_ci_hi,Low_t75_ci_lo,Low_t75_ci_hi,Low_max_det_time,Low_tmax_ci_lo,Low_tmax_ci_hi,Sober_support,Sober_detection_rate,Sober_false_alarm_rate,Sober_dr_ci_lo,Sober_dr_ci_hi,Sober_min_det_time,Sober_tmin_ci_lo,Sober_tmin_ci_hi,Sober_q25_det_time,Sober_median_det_time,Sober_q75_det_time,Sober_t25_ci_lo,Sober_t25_ci_hi,Sober_t_ci_lo,Sober_t_ci_hi,Sober_t75_ci_lo,Sober_t75_ci_hi,Sober_max_det_time,Sober_tmax_ci_lo,Sober_tmax_ci_hi,accuracy_non_sober,accuracy_non_sober_ci_lo,accuracy_non_sober_ci_hi,accuracy_high,accuracy_high_ci_lo,accuracy_high_ci_hi
avg_cal_lr_alpha_0.023,46,0.913,nan,0.8222,0.9792,21,21,21,22,25,28.75,21,23,23,27,26.5,32,36,33,36,50,0.5,nan,0.36,0.64,20,20,21,22,27,35,21,27,23.99,34,27.25,47,62,47,62,45,nan,0.02222,0,0.06977,nan,nan,nan,nan,nan,nan,nan,nan,nan,nan,nan,nan,nan,nan,nan,0.7872,0.7194,0.8511,0.9451,0.8989,0.9886
avg_cal_lr_alpha_0.023_k_0,46,0.6304,nan,0.4783,0.7826,10,10,10,10,10,10,10,10,10,10,10,11.25,26,12,26,50,0.22,nan,0.12,0.34,10,10,10,10,10,10,10,10,10,10,10,12,12,10,12,45,nan,0.02222,0,0.06977,nan,nan,nan,nan,nan,nan,nan,nan,nan,nan,nan,nan,nan,nan,nan,0.5957,0.5286,0.662,0.8022,0.7263,0.8778
avg_cal_lr_alpha_0.023_k_10,46,0.913,nan,0.8222,0.9792,21,21,21,22,25,28.75,21,23,23,27,26.5,32,36,33,36,50,0.5,nan,0.36,0.64,20,20,21,22,27,35,21,27,23.99,34,27.25,47,62,47,62,45,nan,0.02222,0,0.06977,nan,nan,nan,nan,nan,nan,nan,nan,nan,nan,nan,nan,nan,nan,nan,0.7872,0.7194,0.8511,0.9451,0.8989,0.9886
avg_cal_lr_alpha_0.023_k_20,46,0.8913,nan,0.7955,0.9592,25,25,25,26,29,33,26,27.26,27,31,31,34,38,36,38,50,0.46,nan,0.32,0.6,25,25,26,27.5,34,41.5,26,34,28,40.5,34,50.5,58,46,58,45,nan,0.02222,0,0.06818,nan,nan,nan,nan,nan,nan,nan,nan,nan,nan,nan,nan,nan,nan,nan,0.766,0.6978,0.8273,0.9341,0.8737,0.9787
avg_cal_lr_alpha_0.023_k_30,46,0.8478,nan,0.7442,0.9362,28,28,29,30,33,36.5,29,32,31,36,34.5,39,48,40,48,50,0.38,nan,0.24,0.52,28,28,32,33,41,50,30,41,33,50,41,57,65,51,65,45,nan,0.02222,0,0.06818,nan,nan,nan,nan,nan,nan,nan,nan,nan,nan,nan,nan,nan,nan,nan,0.7234,0.6569,0.7873,0.9121,0.8506,0.9655
avg_cal_lr_alpha_0.05,46,0.913,nan,0.8222,0.9792,20,20,20,22,24,28.75,21,23,22.5,27,25.5,31,36,32,36,50,0.5,nan,0.36,0.64,20,20,21,22,27,34,21,27,23,34,27,46,61,46,61,45,nan,0.04444,0,0.1064,nan,nan,nan,nan,nan,nan,nan,nan,nan,nan,nan,nan,nan,nan,nan,0.7801,0.7163,0.844,0.9341,0.8851,0.978
avg_cal_lr_alpha_0.1,46,0.9783,nan,0.9333,1,17,17,20,21,23,28,20,22,22,26,25,30.75,62,33,62,50,0.62,nan,0.46,0.76,17,17,20,21.5,26,38,20,26,23,32,27,44,64,47,64,45,nan,0.08889,0.02174,0.1702,nan,nan,nan,nan,nan,nan,nan,nan,nan,nan,nan,nan,nan,nan,nan,0.8298,0.7746,0.8811,0.9451,0.9,0.9889
avg_cal_lr_alpha_0.2,46,1,nan,1,1,15,15,15,16,17,19.75,15,16,16,18,18,21,54,24,54,50,0.9,nan,0.82,0.96,15,15,15,17,21,26,16,20.01,18,24,23,34.26,57,45,57,45,nan,0.1778,0.06977,0.2918,nan,nan,nan,nan,nan,nan,nan,nan,nan,nan,nan,nan,nan,nan,nan,0.9078,0.8671,0.9444,0.9121,0.8506,0.9667
batch_lr_alpha_0.023,46,0.9565,nan,0.8837,1,,,,,,,,,,,,,,,,50,0.24,nan,0.12,0.36,,,,,,,,,,,,,,,,45,nan,0.02222,0,0.06818,,,,,,,,,,,,,,,,0.7092,0.6594,0.7572,0.967,0.9121,1
batch_lr_alpha_0.05,46,0.9565,nan,0.8837,1,,,,,,,,,,,,,,,,50,0.32,nan,0.18,0.48,,,,,,,,,,,,,,,,45,nan,0.02222,0,0.06818,,,,,,,,,,,,,,,,0.7376,0.6957,0.7857,0.967,0.9121,1
batch_lr_alpha_0.1,46,0.9783,nan,0.9302,1,,,,,,,,,,,,,,,,50,0.56,nan,0.44,0.68,,,,,,,,,,,,,,,,45,nan,0.02222,0,0.06818,,,,,,,,,,,,,,,,0.8298,0.7817,0.8786,0.978,0.931,1
batch_lr_alpha_0.2,46,1,nan,1,1,,,,,,,,,,,,,,,,50,0.72,nan,0.5995,0.84,,,,,,,,,,,,,,,,45,nan,0.02222,0,0.06818,,,,,,,,,,,,,,,,0.8936,0.8439,0.9357,0.989,0.9655,1
jump_cal_lr_alpha_0.023,46,0.6522,nan,0.5,0.7872,50,50,51,52.25,54,56.5,51,53,53,54.5,54,59,66,59,66,50,0.14,nan,0.04,0.2405,55,55,60,56,60,63.5,55,64,55,66.01,56.5,69,69,57,69,45,nan,0.02222,0,0.06818,nan,nan,nan,nan,nan,nan,nan,nan,nan,nan,nan,nan,nan,nan,nan,0.5745,0.5109,0.6383,0.8132,0.7391,0.8842
jump_cal_lr_alpha_0.05,46,0.8261,nan,0.7234,0.9149,42,42,45,46,48,50,45,48,47,49,48.25,53,63,58,63,50,0.34,nan,0.2,0.5,43,43,51,51,55,59,49,55,50.5,58,55.75,64.5,68,61,68,45,nan,0.04444,0,0.1087,nan,nan,nan,nan,nan,nan,nan,nan,nan,nan,nan,nan,nan,nan,nan,0.695,0.6331,0.7609,0.8901,0.8427,0.9432
jump_cal_lr_alpha_0.1,46,0.913,nan,0.8298,0.9787,39,39,41,41.25,43,45,41,42,42,44.5,44,49,59,53,59,50,0.6,nan,0.46,0.74,40,40,43,46.25,51,54.75,43,50,47,53,52,56,64,56,64,45,nan,0.1111,0.02174,0.2223,nan,nan,nan,nan,nan,nan,nan,nan,nan,nan,nan,nan,nan,nan,nan,0.7943,0.7428,0.8472,0.9011,0.8404,0.9575
jump_cal_lr_alpha_0.2,46,0.9565,nan,0.8913,1,33,33,38,39,40,42,38,39,39,41,40.25,45,62,55,62,50,0.66,nan,0.52,0.8,37,37,39,41,48,51,39,46,43,49,48,54.27,62,55,62,45,nan,0.1778,0.06522,0.3096,nan,nan,nan,nan,nan,nan,nan,nan,nan,nan,nan,nan,nan,nan,nan,0.8085,0.7555,0.864,0.8901,0.8222,0.9468
jump_ville_lr_alpha_0.023,46,1,nan,1,1,22,22,22,22,23,24,22,22,22,23,23.25,25,36,26,36,50,0.94,nan,0.86,1,22,22,22,23,25,29.5,22,24,24,26,27,33,48,35,48,45,nan,0.6667,0.5206,0.8,nan,nan,nan,nan,nan,nan,nan,nan,nan,nan,nan,nan,nan,nan,nan,0.766,0.7172,0.8214,0.6703,0.6044,0.7447
jump_ville_lr_alpha_0.05,46,1,nan,1,1,20,20,20,20,21,22,20,20,20,21,21,23,34,24,34,50,0.96,nan,0.9,1,20,20,20,21,23,26,20,22,22,24,23.74,29,54,37,54,45,nan,0.7111,0.5777,0.8372,nan,nan,nan,nan,nan,nan,nan,nan,nan,nan,nan,nan,nan,nan,nan,0.7589,0.7163,0.8042,0.6484,0.587,0.7128
jump_ville_lr_alpha_0.1,46,1,nan,1,1,18,18,18,18,19,20,18,18,18,19,19,21,32,22,32,50,1,nan,1,1,18,18,18,19,20.5,24.75,18,20,20,22,22,28.26,61,35,61,45,nan,0.7778,0.6383,0.907,nan,nan,nan,nan,nan,nan,nan,nan,nan,nan,nan,nan,nan,nan,nan,0.7518,0.7092,0.8,0.6154,0.5529,0.6861
jump_ville_lr_alpha_0.2,46,1,nan,1,1,16,16,16,16,17,17.75,16,16,16,17,17,18.5,29,20,29,50,1,nan,1,1,16,16,16,17,18,22,16,17.25,17,20,20,26.25,42,33,42,45,nan,0.8667,0.7727,0.9545,nan,nan,nan,nan,nan,nan,nan,nan,nan,nan,nan,nan,nan,nan,nan,0.7234,0.6929,0.7591,0.5714,0.5269,0.6222
mcnemar_test,,,,,,,,,,,,,,,,,,,,,,,,,,,,,,,,,,,,,,,,,,,,,,,,,,,,,,,,,,,,,,,,,,
windowed_lr_alpha_0.023,46,0.9348,nan,0.8667,1,10,10,10,11,18,24.5,10,16,14.99,22.51,22,36,57,46,57,50,0.54,nan,0.38,0.68,10,10,12,12.5,22,30.5,12,21.5,14,30,22,40,67,40,67,45,nan,0.1111,0.04255,0.2,nan,nan,nan,nan,nan,nan,nan,nan,nan,nan,nan,nan,nan,nan,nan,0.7801,0.7214,0.8334,0.9121,0.8617,0.9565
windowed_lr_alpha_0.05,46,1,nan,1,1,10,10,10,10,10,17.75,10,10,10,14.5,12.74,20,57,26,57,50,0.78,nan,0.64,0.9,10,10,10,11.5,21,26,10,20.01,17,24,22.5,31.5,61,37,61,45,nan,0.2667,0.1304,0.4186,nan,nan,nan,nan,nan,nan,nan,nan,nan,nan,nan,nan,nan,nan,nan,0.8369,0.7659,0.8958,0.8681,0.7931,0.9355
windowed_lr_alpha_0.1,46,1,nan,1,1,10,10,10,10,10,10,10,10,10,10,10,13,32,16,32,50,0.94,nan,0.86,1,10,10,10,10,14,21.5,10,10.01,10,18.51,18,24,35,25,35,45,nan,0.4444,0.3043,0.5778,nan,nan,nan,nan,nan,nan,nan,nan,nan,nan,nan,nan,nan,nan,nan,0.8369,0.7842,0.8873,0.7802,0.7097,0.8539
windowed_lr_alpha_0.2,46,1,nan,1,1,10,10,10,10,10,10,10,10,10,10,10,10,29,15,29,50,0.98,nan,0.94,1,10,10,10,10,10,13,10,10,10,10,10.75,22,36,23,36,45,nan,0.8,0.6596,0.9302,nan,nan,nan,nan,nan,nan,nan,nan,nan,nan,nan,nan,nan,nan,nan,0.7376,0.6861,0.7902,0.6044,0.5376,0.6813
